w,omega_rip_0,chi2
0.6000000000000001,0.675,23.485889128959617
