{
  "L": 8.154862934798466e-16,
  "k": 0.0006693195867953327,
  "t0": 7051.502246438518,
  "C": -1.1740066757861722e-17
}