{
  "L": 1.197566677441149e-16,
  "k": 0.0009565824195424419,
  "t0": 3898.5365554787522,
  "C": -4.4886402241189e-18
}