{
  "L": 8.013353101584925e-16,
  "k": 0.0006744236797524275,
  "t0": 7007.241231702828,
  "C": -1.1481541821108649e-17
}